-- 1. PRIMERO LOS GÉNEROS (Porque los Elementos dependen de ellos)
Insert into USUARIO_CONTENIDO.GENEROS (ID,NOMBRE) values ('29','Reggeaton');
Insert into USUARIO_CONTENIDO.GENEROS (ID,NOMBRE) values ('28','Jrock');
Insert into USUARIO_CONTENIDO.GENEROS (ID,NOMBRE) values ('21','Pop');
Insert into USUARIO_CONTENIDO.GENEROS (ID,NOMBRE) values ('22','Rock');
Insert into USUARIO_CONTENIDO.GENEROS (ID,NOMBRE) values ('23','Metal');
Insert into USUARIO_CONTENIDO.GENEROS (ID,NOMBRE) values ('24','Alternativo');
Insert into USUARIO_CONTENIDO.GENEROS (ID,NOMBRE) values ('25','Funky');
Insert into USUARIO_CONTENIDO.GENEROS (ID,NOMBRE) values ('26','Kpop');
Insert into USUARIO_CONTENIDO.GENEROS (ID,NOMBRE) values ('27','Jpop');
Insert into USUARIO_CONTENIDO.GENEROS (ID,NOMBRE) values ('30','Flamenco');
Insert into USUARIO_CONTENIDO.GENEROS (ID,NOMBRE) values ('31','Heavy');

-- 2. LUEGO LOS ELEMENTOS (Dependen de Géneros)
-- Nota: Asegúrate de que los ID_ARTISTA (6, 7, 9) existen o no tienen FK estricta aquí si están en otro microservicio.
Insert into USUARIO_CONTENIDO.ELEMENTOS (ID,ID_ARTISTA,DESCRIPCION,ESALBUM,ESNOVEDAD,FECHACREA,GENERO,NOMBRE,NUMVENTAS,PRECIO,SUBGENERO,URL_FOTO,VALORACION) values ('61','6','7 rings','1','1',to_timestamp('01/12/25 17:12:35,449252000','DD/MM/RR HH24:MI:SSXFF'),'21','7 rings','0','20','25','7rings_20251201.jpg','0');
Insert into USUARIO_CONTENIDO.ELEMENTOS (ID,ID_ARTISTA,DESCRIPCION,ESALBUM,ESNOVEDAD,FECHACREA,GENERO,NOMBRE,NUMVENTAS,PRECIO,SUBGENERO,URL_FOTO,VALORACION) values ('66','6','asfaefewewf','0','0',to_timestamp('01/12/25 18:22:43,104595000','DD/MM/RR HH24:MI:SSXFF'),'23','Fiebre','0','14,98','29','fiebre_20251201.jpg','0');
Insert into USUARIO_CONTENIDO.ELEMENTOS (ID,ID_ARTISTA,DESCRIPCION,ESALBUM,ESNOVEDAD,FECHACREA,GENERO,NOMBRE,NUMVENTAS,PRECIO,SUBGENERO,URL_FOTO,VALORACION) values ('64','7','berghain','0','0',to_timestamp('01/12/25 17:25:19,346991000','DD/MM/RR HH24:MI:SSXFF'),'30','Berghain','0','70','24','berghain_20251201.jpg','5');
Insert into USUARIO_CONTENIDO.ELEMENTOS (ID,ID_ARTISTA,DESCRIPCION,ESALBUM,ESNOVEDAD,FECHACREA,GENERO,NOMBRE,NUMVENTAS,PRECIO,SUBGENERO,URL_FOTO,VALORACION) values ('62','6','7 rings','0','0',to_timestamp('01/12/25 17:13:25,442421000','DD/MM/RR HH24:MI:SSXFF'),'21','7 rings','0','10','25','7rings_20251201.jpg','0');
Insert into USUARIO_CONTENIDO.ELEMENTOS (ID,ID_ARTISTA,DESCRIPCION,ESALBUM,ESNOVEDAD,FECHACREA,GENERO,NOMBRE,NUMVENTAS,PRECIO,SUBGENERO,URL_FOTO,VALORACION) values ('63','6','bloodline','0','0',to_timestamp('01/12/25 17:14:33,737716000','DD/MM/RR HH24:MI:SSXFF'),'21','Bloodline','0','12','25','bloodline_20251201.jpg','0');
Insert into USUARIO_CONTENIDO.ELEMENTOS (ID,ID_ARTISTA,DESCRIPCION,ESALBUM,ESNOVEDAD,FECHACREA,GENERO,NOMBRE,NUMVENTAS,PRECIO,SUBGENERO,URL_FOTO,VALORACION) values ('65','9','asfaegeg','0','0',to_timestamp('01/12/25 17:28:25,132825000','DD/MM/RR HH24:MI:SSXFF'),'26','Latin girl ','0','1000','31','latingirl_20251201.jpg','0');

-- 3. LUEGO LAS CANCIONES (Dependen de Elementos)
-- Aquí usas IDELEMENTO que hace referencia a los IDs de arriba
Insert into USUARIO_CONTENIDO.CANCIONES (IDELEMENTO,NOMBREAUDIO,NUMREP,IDALBUM) values ('64','berghain_20251201','0',null);
Insert into USUARIO_CONTENIDO.CANCIONES (IDELEMENTO,NOMBREAUDIO,NUMREP,IDALBUM) values ('66','fiebre_20251201','0',null);
-- Estas tienen IDALBUM '61', que es el elemento '7 rings' creado arriba. Correcto.
Insert into USUARIO_CONTENIDO.CANCIONES (IDELEMENTO,NOMBREAUDIO,NUMREP,IDALBUM) values ('62','7rings_20251201','0','61');
Insert into USUARIO_CONTENIDO.CANCIONES (IDELEMENTO,NOMBREAUDIO,NUMREP,IDALBUM) values ('63','bloodline_20251201','0','61');
Insert into USUARIO_CONTENIDO.CANCIONES (IDELEMENTO,NOMBREAUDIO,NUMREP,IDALBUM) values ('65','latingirl_20251201','0',null);

-- 4. FINALMENTE LAS VALORACIONES (Dependen de Elementos y Usuarios)
Insert into USUARIO_CONTENIDO.USUARIO_VALORA_ELEM (IDELEM,IDUSER,COMENTARIO,FECHACOMENTARIO,VALORACION) values ('64','6','Buena canción!!',to_timestamp('01/12/25 17:48:30,333926000','DD/MM/RR HH24:MI:SSXFF'),'5');

-- 5. IMPORTANTE: Guardar cambios
COMMIT;