ALTER SESSION SET CONTAINER = XEPDB1;

ALTER SESSION SET CURRENT_SCHEMA = ASEE;

ALTER SESSION SET NLS_TIMESTAMP_FORMAT = 'DD/MM/RR HH24:MI:SS,FF9';


--------------------------------------------------------
--  DDL for Table GENEROS
--------------------------------------------------------

  CREATE TABLE "ASEE"."GENEROS" 
   (	"ID" NUMBER(10,0) GENERATED BY DEFAULT AS IDENTITY MINVALUE 1 MAXVALUE 9999999999999999999999999999 INCREMENT BY 1 START WITH 1 CACHE 20 NOORDER  NOCYCLE  NOKEEP  NOSCALE , 
	"NOMBRE" VARCHAR2(255 CHAR)
   ) SEGMENT CREATION IMMEDIATE 
  PCTFREE 10 PCTUSED 40 INITRANS 1 MAXTRANS 255 
 NOCOMPRESS LOGGING
  STORAGE(INITIAL 65536 NEXT 1048576 MINEXTENTS 1 MAXEXTENTS 2147483645
  PCTINCREASE 0 FREELISTS 1 FREELIST GROUPS 1
  BUFFER_POOL DEFAULT FLASH_CACHE DEFAULT CELL_FLASH_CACHE DEFAULT)
  TABLESPACE "USERS" ;
REM INSERTING into ASEE.GENEROS
SET DEFINE OFF;
Insert into ASEE.GENEROS (ID,NOMBRE) values ('29','Reggeaton');
Insert into ASEE.GENEROS (ID,NOMBRE) values ('28','Jrock');
Insert into ASEE.GENEROS (ID,NOMBRE) values ('21','Pop');
Insert into ASEE.GENEROS (ID,NOMBRE) values ('22','Rock');
Insert into ASEE.GENEROS (ID,NOMBRE) values ('23','Metal');
Insert into ASEE.GENEROS (ID,NOMBRE) values ('24','Alternativo');
Insert into ASEE.GENEROS (ID,NOMBRE) values ('25','Funky');
Insert into ASEE.GENEROS (ID,NOMBRE) values ('26','Kpop');
Insert into ASEE.GENEROS (ID,NOMBRE) values ('27','Jpop');
Insert into ASEE.GENEROS (ID,NOMBRE) values ('30','Flamenco');
Insert into ASEE.GENEROS (ID,NOMBRE) values ('31','Heavy');
--------------------------------------------------------
--  DDL for Index SYS_C008229
--------------------------------------------------------

  CREATE UNIQUE INDEX "ASEE"."SYS_C008229" ON "ASEE"."GENEROS" ("ID") 
  PCTFREE 10 INITRANS 2 MAXTRANS 255 COMPUTE STATISTICS 
  STORAGE(INITIAL 65536 NEXT 1048576 MINEXTENTS 1 MAXEXTENTS 2147483645
  PCTINCREASE 0 FREELISTS 1 FREELIST GROUPS 1
  BUFFER_POOL DEFAULT FLASH_CACHE DEFAULT CELL_FLASH_CACHE DEFAULT)
  TABLESPACE "USERS" ;
--------------------------------------------------------
--  Constraints for Table GENEROS
--------------------------------------------------------

  ALTER TABLE "ASEE"."GENEROS" MODIFY ("NOMBRE" NOT NULL ENABLE);
  ALTER TABLE "ASEE"."GENEROS" ADD PRIMARY KEY ("ID")
  USING INDEX PCTFREE 10 INITRANS 2 MAXTRANS 255 COMPUTE STATISTICS 
  STORAGE(INITIAL 65536 NEXT 1048576 MINEXTENTS 1 MAXEXTENTS 2147483645
  PCTINCREASE 0 FREELISTS 1 FREELIST GROUPS 1
  BUFFER_POOL DEFAULT FLASH_CACHE DEFAULT CELL_FLASH_CACHE DEFAULT)
  TABLESPACE "USERS"  ENABLE;


--------------------------------------------------------
-- Archivo creado  - jueves-diciembre-18-2025   
--------------------------------------------------------
--------------------------------------------------------
--  DDL for Table ELEMENTOS
--------------------------------------------------------

  CREATE TABLE "ASEE"."ELEMENTOS" 
   (	"ID" NUMBER(10,0) GENERATED BY DEFAULT AS IDENTITY MINVALUE 1 MAXVALUE 9999999999999999999999999999 INCREMENT BY 1 START WITH 1 CACHE 20 NOORDER  NOCYCLE  NOKEEP  NOSCALE , 
	"ID_ARTISTA" NUMBER(10,0), 
	"DESCRIPCION" VARCHAR2(255 CHAR), 
	"ESALBUM" NUMBER(1,0), 
	"ESNOVEDAD" NUMBER(1,0), 
	"FECHACREA" TIMESTAMP (6), 
	"GENERO" NUMBER(10,0), 
	"NOMBRE" VARCHAR2(255 CHAR), 
	"NUMVENTAS" NUMBER(10,0), 
	"PRECIO" FLOAT(126), 
	"SUBGENERO" NUMBER(10,0), 
	"URL_FOTO" VARCHAR2(255 CHAR), 
	"VALORACION" NUMBER(10,0)
   ) SEGMENT CREATION IMMEDIATE 
  PCTFREE 10 PCTUSED 40 INITRANS 1 MAXTRANS 255 
 NOCOMPRESS LOGGING
  STORAGE(INITIAL 65536 NEXT 1048576 MINEXTENTS 1 MAXEXTENTS 2147483645
  PCTINCREASE 0 FREELISTS 1 FREELIST GROUPS 1
  BUFFER_POOL DEFAULT FLASH_CACHE DEFAULT CELL_FLASH_CACHE DEFAULT)
  TABLESPACE "USERS" ;
REM INSERTING into ASEE.ELEMENTOS
SET DEFINE OFF;
Insert into ASEE.ELEMENTOS (ID,ID_ARTISTA,DESCRIPCION,ESALBUM,ESNOVEDAD,FECHACREA,GENERO,NOMBRE,NUMVENTAS,PRECIO,SUBGENERO,URL_FOTO,VALORACION) values ('61','6','7 rings','1','1',to_timestamp('01/12/25 17:12:35,449252000','DD/MM/RR HH24:MI:SS,FF9'),'21','7 rings','0','20','25','7rings_20251201.jpg','0');
Insert into ASEE.ELEMENTOS (ID,ID_ARTISTA,DESCRIPCION,ESALBUM,ESNOVEDAD,FECHACREA,GENERO,NOMBRE,NUMVENTAS,PRECIO,SUBGENERO,URL_FOTO,VALORACION) values ('66','6','asfaefewewf','0','0',to_timestamp('01/12/25 18:22:43,104595000','DD/MM/RR HH24:MI:SS,FF9'),'23','Fiebre','0','14.98','29','fiebre_20251201.jpg','0');
Insert into ASEE.ELEMENTOS (ID,ID_ARTISTA,DESCRIPCION,ESALBUM,ESNOVEDAD,FECHACREA,GENERO,NOMBRE,NUMVENTAS,PRECIO,SUBGENERO,URL_FOTO,VALORACION) values ('64','7','berghain','0','0',to_timestamp('01/12/25 17:25:19,346991000','DD/MM/RR HH24:MI:SS,FF9'),'30','Berghain','0','70','24','berghain_20251201.jpg','5');
Insert into ASEE.ELEMENTOS (ID,ID_ARTISTA,DESCRIPCION,ESALBUM,ESNOVEDAD,FECHACREA,GENERO,NOMBRE,NUMVENTAS,PRECIO,SUBGENERO,URL_FOTO,VALORACION) values ('62','6','7 rings','0','0',to_timestamp('01/12/25 17:13:25,442421000','DD/MM/RR HH24:MI:SS,FF9'),'21','7 rings','0','10','25','7rings_20251201.jpg','0');
Insert into ASEE.ELEMENTOS (ID,ID_ARTISTA,DESCRIPCION,ESALBUM,ESNOVEDAD,FECHACREA,GENERO,NOMBRE,NUMVENTAS,PRECIO,SUBGENERO,URL_FOTO,VALORACION) values ('63','6','bloodline','0','0',to_timestamp('01/12/25 17:14:33,737716000','DD/MM/RR HH24:MI:SS,FF9'),'21','Bloodline','0','12','25','bloodline_20251201.jpg','0');
Insert into ASEE.ELEMENTOS (ID,ID_ARTISTA,DESCRIPCION,ESALBUM,ESNOVEDAD,FECHACREA,GENERO,NOMBRE,NUMVENTAS,PRECIO,SUBGENERO,URL_FOTO,VALORACION) values ('65','9','asfaegeg','0','0',to_timestamp('01/12/25 17:28:25,132825000','DD/MM/RR HH24:MI:SS,FF9'),'26','Latin girl ','0','1000','31','latingirl_20251201.jpg','0');
--------------------------------------------------------
--  DDL for Index SYS_C008226
--------------------------------------------------------

  CREATE UNIQUE INDEX "ASEE"."SYS_C008226" ON "ASEE"."ELEMENTOS" ("ID") 
  PCTFREE 10 INITRANS 2 MAXTRANS 255 COMPUTE STATISTICS 
  STORAGE(INITIAL 65536 NEXT 1048576 MINEXTENTS 1 MAXEXTENTS 2147483645
  PCTINCREASE 0 FREELISTS 1 FREELIST GROUPS 1
  BUFFER_POOL DEFAULT FLASH_CACHE DEFAULT CELL_FLASH_CACHE DEFAULT)
  TABLESPACE "USERS" ;
--------------------------------------------------------
--  Constraints for Table ELEMENTOS
--------------------------------------------------------

  ALTER TABLE "ASEE"."ELEMENTOS" MODIFY ("NOMBRE" NOT NULL ENABLE);
  ALTER TABLE "ASEE"."ELEMENTOS" ADD PRIMARY KEY ("ID")
  USING INDEX PCTFREE 10 INITRANS 2 MAXTRANS 255 COMPUTE STATISTICS 
  STORAGE(INITIAL 65536 NEXT 1048576 MINEXTENTS 1 MAXEXTENTS 2147483645
  PCTINCREASE 0 FREELISTS 1 FREELIST GROUPS 1
  BUFFER_POOL DEFAULT FLASH_CACHE DEFAULT CELL_FLASH_CACHE DEFAULT)
  TABLESPACE "USERS"  ENABLE;

--------------------------------------------------------
-- Archivo creado  - jueves-diciembre-18-2025   
--------------------------------------------------------

--------------------------------------------------------
--  DDL for Table CANCIONES
--------------------------------------------------------

  CREATE TABLE "ASEE"."CANCIONES" 
   (	"IDELEMENTO" NUMBER(10,0), 
	"NOMBREAUDIO" VARCHAR2(100 CHAR), 
	"NUMREP" NUMBER(10,0), 
	"IDALBUM" NUMBER(10,0)
   ) SEGMENT CREATION IMMEDIATE 
  PCTFREE 10 PCTUSED 40 INITRANS 1 MAXTRANS 255 
 NOCOMPRESS LOGGING
  STORAGE(INITIAL 65536 NEXT 1048576 MINEXTENTS 1 MAXEXTENTS 2147483645
  PCTINCREASE 0 FREELISTS 1 FREELIST GROUPS 1
  BUFFER_POOL DEFAULT FLASH_CACHE DEFAULT CELL_FLASH_CACHE DEFAULT)
  TABLESPACE "USERS" ;
REM INSERTING into ASEE.CANCIONES
SET DEFINE OFF;
Insert into ASEE.CANCIONES (IDELEMENTO,NOMBREAUDIO,NUMREP,IDALBUM) values ('64','berghain_20251201','0',null);
Insert into ASEE.CANCIONES (IDELEMENTO,NOMBREAUDIO,NUMREP,IDALBUM) values ('66','fiebre_20251201','0',null);
Insert into ASEE.CANCIONES (IDELEMENTO,NOMBREAUDIO,NUMREP,IDALBUM) values ('62','7rings_20251201','0','61');
Insert into ASEE.CANCIONES (IDELEMENTO,NOMBREAUDIO,NUMREP,IDALBUM) values ('63','bloodline_20251201','0','61');
Insert into ASEE.CANCIONES (IDELEMENTO,NOMBREAUDIO,NUMREP,IDALBUM) values ('65','latingirl_20251201','0',null);
--------------------------------------------------------
--  DDL for Index SYS_C008223
--------------------------------------------------------

  CREATE UNIQUE INDEX "ASEE"."SYS_C008223" ON "ASEE"."CANCIONES" ("IDELEMENTO") 
  PCTFREE 10 INITRANS 2 MAXTRANS 255 COMPUTE STATISTICS 
  STORAGE(INITIAL 65536 NEXT 1048576 MINEXTENTS 1 MAXEXTENTS 2147483645
  PCTINCREASE 0 FREELISTS 1 FREELIST GROUPS 1
  BUFFER_POOL DEFAULT FLASH_CACHE DEFAULT CELL_FLASH_CACHE DEFAULT)
  TABLESPACE "USERS" ;
--------------------------------------------------------
--  Constraints for Table CANCIONES
--------------------------------------------------------

  ALTER TABLE "ASEE"."CANCIONES" MODIFY ("IDELEMENTO" NOT NULL ENABLE);
  ALTER TABLE "ASEE"."CANCIONES" MODIFY ("NOMBREAUDIO" NOT NULL ENABLE);
  ALTER TABLE "ASEE"."CANCIONES" MODIFY ("NUMREP" NOT NULL ENABLE);
  ALTER TABLE "ASEE"."CANCIONES" ADD PRIMARY KEY ("IDELEMENTO")
  USING INDEX PCTFREE 10 INITRANS 2 MAXTRANS 255 COMPUTE STATISTICS 
  STORAGE(INITIAL 65536 NEXT 1048576 MINEXTENTS 1 MAXEXTENTS 2147483645
  PCTINCREASE 0 FREELISTS 1 FREELIST GROUPS 1
  BUFFER_POOL DEFAULT FLASH_CACHE DEFAULT CELL_FLASH_CACHE DEFAULT)
  TABLESPACE "USERS"  ENABLE;
--------------------------------------------------------
--  Ref Constraints for Table CANCIONES
--------------------------------------------------------

  ALTER TABLE "ASEE"."CANCIONES" ADD CONSTRAINT "FKH7MVI7R94S1L6UYKQUBCBXYGB" FOREIGN KEY ("IDALBUM")
	  REFERENCES "ASEE"."ELEMENTOS" ("ID") ENABLE;
  ALTER TABLE "ASEE"."CANCIONES" ADD CONSTRAINT "FK5PU2B680XU757BJFFBA995T4F" FOREIGN KEY ("IDELEMENTO")
	  REFERENCES "ASEE"."ELEMENTOS" ("ID") ENABLE;

--------------------------------------------------------
-- Archivo creado  - jueves-diciembre-18-2025   
--------------------------------------------------------
--------------------------------------------------------
--  DDL for Table USUARIO_VALORA_ELEM
--------------------------------------------------------

  CREATE TABLE "ASEE"."USUARIO_VALORA_ELEM" 
   (	"IDELEM" NUMBER(10,0), 
	"IDUSER" NUMBER(10,0), 
	"COMENTARIO" VARCHAR2(255 CHAR), 
	"FECHACOMENTARIO" TIMESTAMP (6), 
	"VALORACION" NUMBER(10,0)
   ) SEGMENT CREATION IMMEDIATE 
  PCTFREE 10 PCTUSED 40 INITRANS 1 MAXTRANS 255 
 NOCOMPRESS LOGGING
  STORAGE(INITIAL 65536 NEXT 1048576 MINEXTENTS 1 MAXEXTENTS 2147483645
  PCTINCREASE 0 FREELISTS 1 FREELIST GROUPS 1
  BUFFER_POOL DEFAULT FLASH_CACHE DEFAULT CELL_FLASH_CACHE DEFAULT)
  TABLESPACE "USERS" ;
REM INSERTING into ASEE.USUARIO_VALORA_ELEM
SET DEFINE OFF;
Insert into ASEE.USUARIO_VALORA_ELEM (IDELEM,IDUSER,COMENTARIO,FECHACOMENTARIO,VALORACION) values ('64','6','Buena canción!!',to_timestamp('01/12/25 17:48:30,333926000','DD/MM/RR HH24:MI:SS,FF9'),'5');
--------------------------------------------------------
--  DDL for Index SYS_C008233
--------------------------------------------------------

  CREATE UNIQUE INDEX "ASEE"."SYS_C008233" ON "ASEE"."USUARIO_VALORA_ELEM" ("IDELEM", "IDUSER") 
  PCTFREE 10 INITRANS 2 MAXTRANS 255 COMPUTE STATISTICS 
  STORAGE(INITIAL 65536 NEXT 1048576 MINEXTENTS 1 MAXEXTENTS 2147483645
  PCTINCREASE 0 FREELISTS 1 FREELIST GROUPS 1
  BUFFER_POOL DEFAULT FLASH_CACHE DEFAULT CELL_FLASH_CACHE DEFAULT)
  TABLESPACE "USERS" ;
--------------------------------------------------------
--  Constraints for Table USUARIO_VALORA_ELEM
--------------------------------------------------------

  ALTER TABLE "ASEE"."USUARIO_VALORA_ELEM" MODIFY ("IDELEM" NOT NULL ENABLE);
  ALTER TABLE "ASEE"."USUARIO_VALORA_ELEM" MODIFY ("IDUSER" NOT NULL ENABLE);
  ALTER TABLE "ASEE"."USUARIO_VALORA_ELEM" MODIFY ("VALORACION" NOT NULL ENABLE);
  ALTER TABLE "ASEE"."USUARIO_VALORA_ELEM" ADD PRIMARY KEY ("IDELEM", "IDUSER")
  USING INDEX PCTFREE 10 INITRANS 2 MAXTRANS 255 COMPUTE STATISTICS 
  STORAGE(INITIAL 65536 NEXT 1048576 MINEXTENTS 1 MAXEXTENTS 2147483645
  PCTINCREASE 0 FREELISTS 1 FREELIST GROUPS 1
  BUFFER_POOL DEFAULT FLASH_CACHE DEFAULT CELL_FLASH_CACHE DEFAULT)
  TABLESPACE "USERS"  ENABLE;
--------------------------------------------------------
--  Ref Constraints for Table USUARIO_VALORA_ELEM
--------------------------------------------------------

  ALTER TABLE "ASEE"."USUARIO_VALORA_ELEM" ADD CONSTRAINT "FK4Y80JO2VH9B4EUVRK9LKFUKJX" FOREIGN KEY ("IDELEM")
	  REFERENCES "ASEE"."ELEMENTOS" ("ID") ENABLE;

